0.483504344559,-0.483504344559,5.84128296695e-16
0.451323492761,-0.451323492761,2.43648120356e-16
0.416225228773,-0.416225228773,3.76969679776e-16
0.379856794584,-0.379856794584,5.99706757731e-16
0.343537346817,-0.343537346817,-5.61569947454e-17
0.309043559322,-0.309043559322,-4.00695580585e-16
0.275497775655,-0.275497775655,8.13286516592e-16
0.241647600186,-0.241647600186,-8.77896347962e-16
0.206685054652,-0.206685054652,9.80726428524e-16
0.170024808822,-0.170024808822,-4.45545747379e-16
0.132918741862,-0.132918741862,-1.61062261857e-16
0.0941735204269,-0.0941735204269,-6.61701830468e-16
0.0541198667137,-0.0541198667137,1.94500802807e-17
0.0622876814071,-0.0622876814071,-7.10921792007e-16
0.101300013911,-0.101300013911,-5.66395759824e-16
0.14035495965,-0.14035495965,-1.13432624489e-17
0.178819070444,-0.178819070444,5.71178815533e-16
0.216884455974,-0.216884455974,-2.73432785379e-16
0.255264748535,-0.255264748535,-4.44345501645e-16
0.295012974215,-0.295012974215,-2.10731807857e-16
0.336832535695,-0.336832535695,7.16890078545e-16
0.379305611015,-0.379305611015,3.55339615149e-16
0.421311977162,-0.421311977162,4.8016776881e-16
0.461885227951,-0.461885227951,-1.44117566746e-15
0.502111915464,-0.502111915464,8.57344598282e-16
0.53875080112,-0.53875080112,-8.70556603855e-17
0.575117767936,-0.575117767936,-6.58546930109e-16
0.606984004861,-0.606984004861,-1.88369099479e-16
0.638986006689,-0.638986006689,-4.54469286556e-16
0.667079198136,-0.667079198136,-4.84906327694e-16
0.692855861494,-0.692855861494,5.50175266189e-16
0.717777538322,-0.717777538322,-7.52165341682e-17
0.73972098633,-0.73972098633,8.22689087054e-16
0.758943550531,-0.758943550531,6.14438072496e-16
0.778131099291,-0.778131099291,-8.75792964905e-16
0.794852148542,-0.794852148542,7.94983562778e-16
0.808178831192,-0.808178831192,1.03905181843e-15
0.819845016476,-0.819845016476,-3.51774885048e-16
0.829249968284,-0.829249968284,-1.21157472019e-15
0.834376909659,0.834376909659,-6.05293836972e-16
0.837091680434,-0.837091680434,-5.56667337312e-16
0.835093359898,0.835093359898,3.74300568135e-16
0.830590295326,-0.830590295326,2.5662810631e-16
0.821347079992,-0.821347079992,5.17518414633e-16
0.809373614794,0.809373614794,-7.39594904754e-16
0.792396428121,-0.792396428121,-2.20435032813e-16
0.773125682987,0.773125682987,-3.28479257435e-16
0.748696885379,-0.748696885379,-6.28014281287e-16
0.722565002882,0.722565002882,-3.77123848425e-16
0.691928441729,0.691928441729,-1.1632043923e-16
0.659214309883,0.659214309883,1.50571404563e-16
0.62414766942,0.62414766942,1.77894353223e-16
0.58606652075,0.58606652075,5.97786112763e-17
0.547048689657,0.547048689657,1.5092903963e-16
0.507648193411,0.507648193411,-2.39667661765e-16
0.468177993881,0.468177993881,-3.58605603809e-16
0.429890876905,0.429890876905,4.10122387088e-16
0.392121580469,0.392121580469,-3.54864565527e-16
0.354342140727,0.354342140727,-1.66942189641e-15
0.31653948582,0.31653948582,-7.63942943472e-17
0.277082100341,0.277082100341,-3.35152427162e-16
0.235442657109,-0.235442657109,5.08322394575e-16
0.193371234603,0.193371234603,1.86545150327e-16
0.148500314919,-0.148500314919,2.88509756495e-16
0.10286288688,0.10286288688,6.47739174273e-16
0.0550263723,-0.0550263723,1.64907456581e-17
0.0853902163391,0.0853902163391,1.00165773659e-15
0.124665183509,0.124665183509,4.82798661465e-17
0.162706189655,0.162706189655,3.47029996389e-16
0.198767229973,0.198767229973,-1.2000892786e-16
0.234214537068,0.234214537068,-2.94007825381e-16
0.270771433271,0.270771433271,-4.75196233608e-16
0.31065642381,0.31065642381,6.74007325279e-16
0.358818138991,-0.358818138991,3.17654339406e-16
0.408766677563,-0.408766677563,5.46434914038e-16
0.456615329153,-0.456615329153,-1.19155187765e-16
0.503770346085,-0.503770346085,-2.31318188977e-16
0.546898162446,-0.546898162446,1.39579931843e-16
0.588671881565,-0.588671881565,7.1998486737e-16
0.625310885751,0.625310885751,-2.87829739125e-16
0.659922400502,-0.659922400502,3.39480401749e-16
0.688827273819,0.688827273819,-1.43223714173e-15
0.714697223667,-0.714697223667,3.58914308534e-16
0.734301931208,0.734301931208,7.9008174542e-16
0.751222069978,-0.751222069978,2.5423539836e-16
0.763368584398,-0.763368584398,2.78399626992e-16
0.770186552999,0.770186552999,1.91776462149e-16
0.774698982678,-0.774698982678,2.83860314403e-16
0.774893564288,-0.774893564288,6.23583456659e-16
0.771039946137,-0.771039946137,1.90721405543e-16
0.765176121071,-0.765176121071,1.06417104386e-16
0.758280863005,-0.758280863005,5.74494299476e-17
0.748658896442,-0.748658896442,-1.03332343875e-15
0.735970678177,-0.735970678177,4.35531376628e-16
0.719261378905,-0.719261378905,3.41600894576e-16
0.700714187198,-0.700714187198,-1.11832011803e-16
0.678362235682,-0.678362235682,-7.56296125499e-16
0.650257131706,0.650257131706,1.20583872805e-16
0.61971706815,-0.61971706815,-2.56464446684e-16
0.584010191814,-0.584010191814,-4.27113508225e-16
0.544066545666,-0.544066545666,1.20484843081e-16
0.501783839206,-0.501783839206,-1.3422598056e-15
0.45472836684,0.45472836684,-3.63647783761e-17
0.405806899604,0.405806899604,3.11362864792e-16
0.355468098292,-0.355468098292,-1.68055197335e-16
0.305205581484,-0.305205581484,-9.14598421715e-17
0.258180777701,-0.258180777701,-3.50448105566e-16
0.213780894862,0.213780894862,5.98320104561e-17
0.170523781447,0.170523781447,8.456947758e-17
0.12731907038,0.12731907038,-1.01004095956e-15
0.0836419411116,-0.0836419411116,-2.89999601456e-16
0.0724861844607,-0.0724861844607,8.83330260726e-16
0.128587745745,-0.128587745745,-3.36723516519e-16
0.183159378951,-0.183159378951,1.82622358491e-16
0.238242582971,-0.238242582971,-4.5095304104e-16
0.290698617943,-0.290698617943,-6.74008711034e-16
0.341329592868,-0.341329592868,-1.15300082197e-15
0.391714248895,-0.391714248895,-2.98807210313e-18
0.441253852164,-0.441253852164,-7.06179619595e-16
0.49562534886,-0.49562534886,4.6962185069e-16
0.552025824805,-0.552025824805,1.01177458403e-15
0.60790076086,-0.60790076086,-2.57785587332e-16
0.662039168704,-0.662039168704,-3.89777620983e-16
0.71424722922,-0.71424722922,8.50794622043e-16
0.765701482947,-0.765701482947,-9.79893600814e-16
0.815007751098,-0.815007751098,-1.00504774642e-15
0.861214025295,0.861214025295,-2.89715147237e-16
0.906353424373,-0.906353424373,6.63197073931e-17
0.947626900399,-0.947626900399,-4.15209733063e-16
0.986858400187,-0.986858400187,-4.53995321697e-16
1.02331347358,-1.02331347358,5.81013862744e-16
1.05398411351,1.05398411351,1.40702075376e-15
1.08489776674,-1.08489776674,6.14210148582e-16
1.10871605218,-1.10871605218,2.76974659452e-16
1.12927311088,-1.12927311088,-1.63608365497e-16
1.145681111,-1.145681111,3.87898362339e-16
1.15397088972,-1.15397088972,-5.26740343111e-16
1.16230870685,-1.16230870685,-8.21101646908e-16
1.16158046082,-1.16158046082,-3.11089064224e-17
1.15759391464,-1.15759391464,6.10634147721e-16
1.14888449118,-1.14888449118,-3.65832965074e-16
1.13275572332,1.13275572332,1.05330603876e-15
1.11562795746,-1.11562795746,6.76275376936e-16
1.09235393777,-1.09235393777,-5.66929925709e-16
1.06336424459,1.06336424459,2.43354522376e-16
1.03358428245,-1.03358428245,-1.99916296628e-16
0.997947010575,-0.997947010575,1.59348893933e-16
0.957169058986,-0.957169058986,-3.09897858882e-16
0.915281290406,-0.915281290406,5.57083950776e-16
0.866986794897,-0.866986794897,1.17327597858e-16
0.815915180129,-0.815915180129,3.44365676869e-16
0.760969186063,-0.760969186063,7.04843719382e-16
0.701490660686,-0.701490660686,-1.39530531974e-16
0.640218561576,-0.640218561576,3.03170113162e-16
0.574170925945,-0.574170925945,-1.49898612184e-16
0.507465435812,-0.507465435812,-4.68999653007e-16
0.436979487624,-0.436979487624,2.72353795901e-16
0.365785998688,-0.365785998688,-3.19493752687e-16
0.292646983426,-0.292646983426,9.85235026936e-16
0.21836555661,-0.21836555661,7.31081851864e-17
0.143782769943,-0.143782769943,-4.95286237836e-16
0.0695234756809,-0.0695234756809,-2.00524371275e-16
0.0112507510142,0.0112507510142,-4.08378851648e-16
0.0845247078265,-0.0845247078265,5.24149974999e-16
0.159214633561,-0.159214633561,-3.72394822834e-16
0.233494942213,-0.233494942213,1.62260195824e-16
0.306611714992,-0.306611714992,3.08022059129e-17
0.378085447021,0.378085447021,-1.15849649781e-15
0.447062401439,0.447062401439,-5.63589161318e-16
0.513187426267,0.513187426267,5.82899874904e-16
0.575636498121,0.575636498121,-6.70369308411e-16
0.632069139518,0.632069139518,1.41614846859e-16
0.683444772382,0.683444772382,-2.84252738105e-16
0.727621524157,0.727621524157,-5.01402298733e-16
0.762692868372,0.762692868372,5.72880951638e-16
0.78809886121,0.78809886121,-4.21911022424e-16
0.804076832274,0.804076832274,-1.08274022721e-15
0.812122950013,0.812122950013,-7.99657917147e-16
0.815269389285,0.815269389285,1.5027841169e-15
0.820206528706,-0.820206528706,-1.53269793248e-15
0.830109012039,-0.830109012039,-4.72036224211e-16
0.846553173274,-0.846553173274,3.88490536076e-16
0.87725570445,-0.87725570445,-1.72194841637e-16
0.915804694765,-0.915804694765,-3.40257345779e-16
0.958707920782,0.958707920782,6.59150721381e-16
1.00415929116,-1.00415929116,-8.16002055102e-17
1.04485357947,-1.04485357947,9.6931515916e-16
1.07758175195,1.07758175195,1.60594610275e-16
1.10249216326,-1.10249216326,1.11830732611e-16
1.11698839707,-1.11698839707,1.44491723706e-16
1.12356015524,1.12356015524,-2.37524613011e-16
1.12117565509,-1.12117565509,5.92666305486e-16
1.10946108342,1.10946108342,-4.0473371048e-16
1.09178841743,-1.09178841743,5.12109810831e-17
1.06534651557,-1.06534651557,2.71861214544e-16
1.03297089337,1.03297089337,8.58397566997e-16
0.995437500931,-0.995437500931,-4.18555369438e-16
0.949760061728,-0.949760061728,-5.26468392593e-16
0.90142203427,-0.90142203427,1.41345286549e-16
0.846753548532,-0.846753548532,-9.55255394927e-17
0.786669466533,-0.786669466533,4.98620040061e-16
0.723721306839,-0.723721306839,4.76670658912e-16
0.654793448503,0.654793448503,4.50098810658e-16
0.583775846806,-0.583775846806,4.26946696403e-16
0.507991269191,0.507991269191,6.97822877813e-16
0.430177590045,-0.430177590045,-5.2252535052e-16
0.348957972693,-0.348957972693,-6.29331743068e-16
0.266387074755,-0.266387074755,-3.38251793233e-16
0.181730144134,-0.181730144134,1.25293086473e-16
0.0978886561173,-0.0978886561173,-3.5028426116e-16
0.0230378157446,-0.0230378157446,2.70066038943e-16
0.0781884905899,-0.0781884905899,-1.33807811498e-15
0.1649370151,-0.1649370151,-1.9416885106e-16
0.252107952312,-0.252107952312,-7.11943684402e-17
0.33759000493,-0.33759000493,-7.29908489927e-17
0.423672488568,-0.423672488568,-2.27002289476e-16
0.506757050829,-0.506757050829,-1.0934899186e-15
0.590446349506,-0.590446349506,-7.04677841051e-17
0.670245108051,-0.670245108051,-8.88580403886e-17
0.750000083952,-0.750000083952,2.03262883995e-17
0.824787020658,-0.824787020658,-7.39396707027e-17
0.899656556985,-0.899656556985,3.33419896856e-16
0.968984988836,0.968984988836,-1.10547169841e-15
1.03634929091,-1.03634929091,9.66886621597e-16
1.09889007588,-1.09889007588,-7.06874574503e-16
1.157022644,1.157022644,-9.56649655008e-17
1.21226055886,-1.21226055886,-3.61499991684e-16
1.26109299715,1.26109299715,6.52504968265e-16
1.30498098941,-1.30498098941,-2.26783744586e-16
1.34433898222,-1.34433898222,1.3133638052e-16
1.37691410097,1.37691410097,4.81724586519e-16
1.4038567979,-1.4038567979,1.46250569024e-15
1.42421710986,-1.42421710986,1.60793411508e-15
1.43826715126,1.43826715126,4.31838115209e-16
1.44611230631,-1.44611230631,6.23199307063e-16
1.44589330449,-1.44589330449,3.11303079369e-16
1.44013831129,1.44013831129,8.2225166019e-16
1.42835640532,1.42835640532,-5.94069381246e-16
1.40739208692,1.40739208692,9.23121744332e-16
1.38117530822,1.38117530822,6.02274360972e-16
1.34976973683,1.34976973683,4.78899943621e-16
1.30930171787,1.30930171787,4.53130089502e-16
1.26288582592,-1.26288582592,3.54223857672e-16
1.21134331101,1.21134331101,3.28215240829e-16
1.15167012481,1.15167012481,1.10467594575e-16
1.08640976882,-1.08640976882,1.09265300564e-16
1.01616503339,1.01616503339,-4.54200073716e-16
0.938833543361,0.938833543361,1.34906362955e-17
0.85659258319,0.85659258319,-5.84645836764e-16
0.770495796058,0.770495796058,6.37557686281e-16
0.678336955165,0.678336955165,-8.36617956524e-16
0.582291995307,0.582291995307,-1.17975955049e-16
0.482923873534,0.482923873534,3.81891330296e-16
0.379345455836,0.379345455836,-2.72181997631e-16
0.272712733555,0.272712733555,4.23596272781e-16
0.164403600129,0.164403600129,-3.10779964952e-16
0.0613185509994,-0.0613185509994,2.77144122022e-16
0.0685116376751,0.0685116376751,4.44642304553e-16
0.183711252579,0.183711252579,-4.46873663469e-17
0.300973525556,0.300973525556,5.27954404247e-16
0.418367838768,0.418367838768,-2.17100653351e-16
0.537331228945,0.537331228945,-6.49261722781e-16
0.655050063594,0.655050063594,-2.85227887594e-18
0.773547559786,0.773547559786,-1.61636704628e-16
0.889238364394,-0.889238364394,4.70696993913e-16
1.0060555068,1.0060555068,2.86110853643e-16
1.11831409091,-1.11831409091,-2.52281125819e-16
1.23115820692,1.23115820692,-1.11236831927e-16
1.33904653704,1.33904653704,-9.71764339652e-16
1.44490133818,1.44490133818,2.94845261101e-17
1.54805084452,1.54805084452,3.20446730713e-16
1.64523311899,-1.64523311899,-1.28663778161e-15
1.7403582056,1.7403582056,-1.29636176181e-16
1.8289927486,1.8289927486,2.62375948662e-16
1.91119730225,1.91119730225,4.85980051155e-18
1.99237111273,1.99237111273,-1.41992906428e-15
2.06326918143,-2.06326918143,-9.36311417416e-17
2.12848942252,2.12848942252,-5.85984597083e-16
2.19029621423,2.19029621423,-7.12894341663e-17
2.24052802749,2.24052802749,4.4582344488e-16
2.28494373981,2.28494373981,-1.28800632866e-16
2.32477316283,2.32477316283,-4.86513888228e-16
2.35201195206,2.35201195206,7.9499577368e-16
2.37320582627,-2.37320582627,-3.8009257787e-16
2.38841723157,2.38841723157,-3.81905836514e-16
2.39062774362,2.39062774362,-4.60410262227e-16
2.38768197863,-2.38768197863,-2.40612863722e-16
2.3761734972,2.3761734972,6.63970291405e-16
2.35238675898,-2.35238675898,-2.16157613103e-16
2.32328642586,2.32328642586,-2.71231647231e-16
2.28587556945,2.28587556945,-3.55479279856e-17
2.23804780429,-2.23804780429,-5.64368636758e-16
2.1833363927,2.1833363927,-2.6398809132e-16
2.11905184933,-2.11905184933,3.00672933407e-16
2.04729304568,2.04729304568,1.09782089484e-16
1.96980946718,1.96980946718,8.83080328421e-17
1.88156503807,-1.88156503807,-8.97581453327e-16
1.79144220316,1.79144220316,-4.16287854743e-16
1.68973875569,1.68973875569,3.87793198236e-16
1.58769723549,1.58769723549,5.49396308355e-16
1.47610782494,1.47610782494,-3.68475265263e-16
1.36270951723,1.36270951723,-2.97102588108e-16
1.2443968345,1.2443968345,-5.60413317993e-16
1.12097930807,1.12097930807,1.40026994259e-15
0.998322391166,0.998322391166,7.17972420177e-16
0.873443204287,0.873443204287,6.92914502549e-16
0.747920991355,0.747920991355,-2.56540118239e-16
0.623517923332,0.623517923332,-7.87824441504e-16
0.501780861736,0.501780861736,1.34906947174e-18
0.385013297701,0.385013297701,2.1118313e-16
0.277035010465,0.277035010465,-1.02289671201e-15
0.179287314365,0.179287314365,-9.91735576802e-17
0.21736124346,-0.21736124346,9.36441382482e-16
0.33196169721,-0.33196169721,6.40862855961e-16
0.449635504708,-0.449635504708,-8.70782144643e-16
0.568181631431,0.568181631431,5.0252029444e-18
0.685605537572,-0.685605537572,-3.36714943792e-16
0.8003651922,-0.8003651922,7.66262076247e-16
0.911032094093,-0.911032094093,1.56434378853e-16
1.01639526015,-1.01639526015,6.78268942929e-17
1.11745680301,1.11745680301,-9.61104016592e-16
1.21496958901,-1.21496958901,6.92324722084e-17
1.30543772242,-1.30543772242,-2.81316049225e-16
1.3879279232,1.3879279232,6.79401395927e-16
1.46318614025,-1.46318614025,1.20840840303e-16
1.53480839309,-1.53480839309,-1.80253692429e-16
1.59667714047,1.59667714047,4.56740675883e-16
1.65023251752,1.65023251752,-6.80076134714e-16
1.69416698924,-1.69416698924,2.22959276221e-17
1.73281743714,-1.73281743714,3.55136252577e-16
1.76033574893,1.76033574893,9.1253441997e-16
1.77978476805,1.77978476805,5.14877754823e-16
1.78856354211,-1.78856354211,4.89678585758e-16
1.78967774977,-1.78967774977,7.12778618994e-16
1.77928352124,1.77928352124,-4.66049039707e-16
1.76129198212,1.76129198212,-1.60686040095e-16
1.7321323241,-1.7321323241,-1.99505296536e-16
1.69299668308,-1.69299668308,-5.81723010144e-16
1.64336837901,1.64336837901,5.82554778017e-16
1.58614932934,1.58614932934,5.5030776092e-17
1.51752736977,-1.51752736977,2.07095073766e-16
1.43756280323,-1.43756280323,2.56663325056e-16
1.34954460921,1.34954460921,-1.42016734666e-16
1.25345869897,1.25345869897,-1.0109935622e-16
1.1466262121,1.1466262121,-3.01978436196e-16
1.02977462278,1.02977462278,2.63528713393e-16
0.905601710749,-0.905601710749,5.29941205711e-17
0.774650197559,-0.774650197559,3.52218790653e-16
0.635965322843,-0.635965322843,8.25597014993e-16
0.491566135851,-0.491566135851,-3.9396081617e-17
0.343977927211,-0.343977927211,3.45269900103e-16
0.197760884616,0.197760884616,4.03577314659e-16
0.161785444269,0.161785444269,-7.2817937078e-16
0.301823675759,0.301823675759,-1.12562507402e-15
0.459976000338,-0.459976000338,7.57215857353e-16
0.632058209957,0.632058209957,-6.11167414728e-16
0.812177977512,0.812177977512,-9.52434148235e-16
0.997510325808,0.997510325808,4.84032183958e-16
1.18575480103,-1.18575480103,-1.81633700057e-16
1.37775373428,-1.37775373428,-1.03636969505e-16
1.56959312956,1.56959312956,4.21353718972e-16
1.76059490433,-1.76059490433,8.55970061304e-16
1.95175614756,1.95175614756,-1.07107551414e-15
2.13810234897,-2.13810234897,-2.78255422128e-16
2.32443596024,2.32443596024,3.10717473597e-16
2.50497407979,2.50497407979,-6.15945502986e-16
2.68115117579,-2.68115117579,4.41994370229e-16
2.85295100604,2.85295100604,2.63535737489e-16
3.01413768392,-3.01413768392,-1.80939548896e-16
3.1740781189,-3.1740781189,1.26520047704e-15
3.32250890915,3.32250890915,2.20768406523e-16
3.46381512054,-3.46381512054,6.49862965031e-16
3.59521688446,3.59521688446,-2.92125018753e-16
3.71514495417,3.71514495417,7.17891093436e-16
3.82775982455,-3.82775982455,1.54242815616e-16
3.9276061267,3.9276061267,-4.70986889519e-16
4.01502182364,-4.01502182364,-1.68224839122e-16
4.09052524478,-4.09052524478,1.47736806993e-15
4.15515957645,4.15515957645,8.18860735199e-16
4.20575186712,-4.20575186712,4.49277302128e-16
4.23867500637,-4.23867500637,-1.73632781634e-16
4.2650383336,4.2650383336,-9.53780472767e-16
4.27431545765,-4.27431545765,-2.59785692313e-16
4.26123104529,-4.26123104529,-3.47577261285e-17
4.24778847817,4.24778847817,-5.30318349488e-16
4.21237786961,4.21237786961,2.2619587258e-17
4.15697502483,-4.15697502483,4.23643141351e-16
4.09828812822,-4.09828812822,-5.51314680761e-16
4.01671100494,4.01671100494,5.12064600869e-17
3.92145929874,-3.92145929874,8.54409364246e-17
3.8132276109,3.8132276109,-3.32050623172e-16
3.68544904735,3.68544904735,6.64090868219e-16
3.54940767643,-3.54940767643,-2.09976994339e-17
3.39624564698,3.39624564698,-4.53910924896e-16
3.22944231028,-3.22944231028,1.36585756669e-16
3.0494568909,3.0494568909,-1.82269645077e-16
2.85637812371,-2.85637812371,3.22279423666e-16
2.65122976763,2.65122976763,1.79106182114e-16
2.43518052736,-2.43518052736,-3.70053058386e-16
2.20797093788,2.20797093788,-1.17667371635e-16
1.97123102772,-1.97123102772,-2.01219855802e-16
1.7261616169,1.7261616169,-3.18190641469e-17
1.47075210199,1.47075210199,-2.42389913464e-16
1.21268150369,-1.21268150369,2.20214875849e-16
0.948574836079,0.948574836079,-2.70662120764e-16
0.681311358954,0.681311358954,6.72560144785e-16
0.41444951818,0.41444951818,1.01378943789e-16
0.161498345793,0.161498345793,-1.1053477351e-16
0.265334772054,-0.265334772054,-9.26735209992e-17
0.517545398066,0.517545398066,9.17623057026e-16
0.787548528691,-0.787548528691,-2.01677517535e-16
1.06179599722,-1.06179599722,-4.95889949921e-16
1.3363698185,-1.3363698185,1.99154286912e-16
1.60907745835,1.60907745835,-9.76063068595e-17
1.87780772057,1.87780772057,8.25418714521e-16
2.14139102795,-2.14139102795,-6.75492592122e-16
2.3989364245,-2.3989364245,-5.58656405425e-17
2.64757748661,2.64757748661,6.00285592723e-16
2.88832331346,2.88832331346,-8.83455447459e-17
3.11881581586,-3.11881581586,-7.95532218916e-16
3.33466901707,-3.33466901707,8.25599161123e-16
3.54365722718,3.54365722718,1.4569766727e-16
3.73723667755,-3.73723667755,-9.01169286912e-16
3.91362469,-3.91362469,-1.23695655763e-15
4.07513925638,4.07513925638,1.15983540492e-16
4.22571130859,4.22571130859,3.04424840746e-16
4.35312330586,-4.35312330586,-3.53734135025e-17
4.45567962177,-4.45567962177,-4.78046549341e-16
4.55563845318,-4.55563845318,-3.71638621683e-17
4.62765466282,4.62765466282,4.0877910794e-16
4.67286767721,4.67286767721,-9.40871884907e-17
4.70318951694,-4.70318951694,5.90566526266e-17
4.70895493641,4.70895493641,3.91142630978e-16
4.68985194552,4.68985194552,-2.76949594691e-16
4.64556997777,-4.64556997777,-3.76777481267e-16
4.57832721617,-4.57832721617,-1.84497916551e-16
4.48572712748,4.48572712748,2.97372021945e-16
4.36383045694,-4.36383045694,8.31201046462e-17
4.21770989729,-4.21770989729,-4.50757887842e-16
4.04517126181,4.04517126181,-2.3735185736e-16
3.84329735769,-3.84329735769,-5.19641175531e-17
3.6140827405,-3.6140827405,1.56567111161e-16
3.35854351611,3.35854351611,-4.05348688606e-16
3.07577929484,3.07577929484,1.17640676054e-16
2.76226585632,-2.76226585632,1.71079493498e-16
2.42312209177,2.42312209177,-1.48434407234e-16
2.06084127884,2.06084127884,-2.63645764913e-16
1.6697954579,1.6697954579,-6.14174061475e-17
1.25451398549,1.25451398549,6.2950933087e-16
0.821101464531,0.821101464531,-9.30117154335e-17
0.377690787852,-0.377690787852,-4.7508743322e-16
0.519444729729,-0.519444729729,-7.54785335928e-16
0.903346964076,-0.903346964076,-2.49767419909e-16
1.37589060336,1.37589060336,-1.02675831714e-15
1.90882627352,-1.90882627352,-4.12564135154e-16
2.47926286126,2.47926286126,1.18458675758e-15
3.07559904567,-3.07559904567,-6.03382956653e-17
3.6916564034,3.6916564034,-2.94591579254e-16
4.32858783938,4.32858783938,1.82644633592e-16
4.97979426691,-4.97979426691,9.96497299132e-16
5.64465930695,5.64465930695,2.09972751535e-16
6.32241103475,-6.32241103475,-9.73854804473e-17
7.00559309234,7.00559309234,-3.44758305931e-16
7.70734819022,7.70734819022,-1.3299583831e-15
8.40603590459,-8.40603590459,5.01108426198e-16
9.11913106392,9.11913106392,1.23711485402e-15
9.83351386107,-9.83351386107,2.14026416593e-16
10.5310928639,10.5310928639,5.70494374896e-16
11.2662338601,11.2662338601,3.90457693185e-16
11.9795384252,11.9795384252,4.92481473457e-16
12.6812669408,-12.6812669408,4.43511677709e-17
13.4079089553,-13.4079089553,-1.46851114905e-16
14.1100769592,14.1100769592,5.12369123685e-17
14.8003714677,-14.8003714677,5.35056654097e-16
15.5007495448,-15.5007495448,1.49308640904e-16
16.180811138,16.180811138,-2.93370404531e-16
16.8433422163,-16.8433422163,-3.06134779907e-16
17.5037945667,-17.5037945667,5.65479206567e-16
18.1490441345,18.1490441345,-1.27028409941e-16
18.7707081991,-18.7707081991,-2.31449771947e-16
19.376071628,-19.376071628,-1.52406353218e-16
19.9736831569,19.9736831569,-1.2533712343e-16
20.5427020799,-20.5427020799,1.47330397275e-16
21.0754012766,-21.0754012766,4.87436273256e-16
21.6163022032,21.6163022032,-7.77584126748e-17
22.1182780644,-22.1182780644,-3.3201574619e-16
22.5571400909,-22.5571400909,-6.77391771483e-16
23.0407886223,23.0407886223,-5.81984538235e-16
23.4530133253,-23.4530133253,-2.42171269024e-16
23.8205037372,23.8205037372,4.72041698114e-16
24.2112948251,24.2112948251,5.50593314053e-16
24.5122157202,24.5122157202,-8.64617197513e-17
24.8282125052,-24.8282125052,5.47803034946e-17
25.0886931014,25.0886931014,-1.40598208128e-16
25.3030918084,-25.3030918084,-4.80055184257e-18
25.5035388934,25.5035388934,1.0501376598e-16
25.6351338329,-25.6351338329,-5.41352290168e-16
25.7628239036,-25.7628239036,2.91957702983e-16
25.8323608974,25.8323608974,-2.51559605049e-16
25.8767114234,-25.8767114234,-4.84988996744e-16
25.8767114234,25.8767114234,-6.27433531945e-17
25.8323608974,-25.8323608974,2.19079782617e-16
25.7628239036,25.7628239036,-1.35074078728e-17
25.6351338329,25.6351338329,-6.75689919241e-16
25.5035388934,-25.5035388934,4.10687989571e-16
25.3030918084,25.3030918084,-4.86618282552e-17
25.0886931014,-25.0886931014,7.718254442e-16
24.8282125052,24.8282125052,2.18184094962e-16
24.5122157202,-24.5122157202,1.04262137149e-16
24.2112948251,-24.2112948251,-2.30378125722e-17
23.8205037372,-23.8205037372,-9.41933309808e-17
23.4530133253,23.4530133253,4.96285706441e-16
23.0407886223,-23.0407886223,-3.77264360579e-16
22.5571400909,22.5571400909,-1.2093314457e-16
22.1182780644,22.1182780644,1.58896932548e-16
21.6163022032,-21.6163022032,4.6684070841e-17
21.0754012766,21.0754012766,-2.00106534134e-16
20.5427020799,20.5427020799,-3.12655838644e-16
19.9736831569,-19.9736831569,1.59657237774e-16
19.376071628,19.376071628,2.48868164095e-17
18.7707081991,18.7707081991,-4.09344608222e-16
18.1490441345,-18.1490441345,-1.20554048818e-16
17.5037945667,17.5037945667,2.15879205594e-16
16.8433422163,16.8433422163,-3.08728386093e-16
16.180811138,-16.180811138,-2.76194702961e-16
15.5007495448,15.5007495448,2.6977436902e-17
14.8003714677,14.8003714677,5.39908283955e-16
14.1100769592,-14.1100769592,-1.71263462669e-16
13.4079089553,13.4079089553,-1.76089505868e-16
12.6812669408,12.6812669408,-6.4993855162e-16
11.9795384252,-11.9795384252,2.45130535918e-16
11.2662338601,-11.2662338601,1.53422174375e-16
10.5310928639,-10.5310928639,4.98664270191e-17
9.83351386107,9.83351386107,-3.69386702142e-16
9.11913106392,-9.11913106392,-7.11033779502e-16
8.40603590459,8.40603590459,-4.94302744155e-17
7.70734819022,-7.70734819022,1.79338350955e-16
7.00559309234,-7.00559309234,-8.38690845231e-16
6.32241103475,6.32241103475,-2.230171349e-16
5.64465930695,-5.64465930695,4.10432170605e-16
4.97979426691,4.97979426691,-5.17148928251e-16
4.32858783938,-4.32858783938,-1.09818748452e-15
3.6916564034,-3.6916564034,-6.45380668951e-16
3.07559904567,3.07559904567,3.36334064344e-16
2.47926286126,-2.47926286126,-2.32983802093e-16
1.90882627352,1.90882627352,6.68549212851e-16
1.37589060336,-1.37589060336,-2.39399082085e-16
0.903346964076,0.903346964076,9.1345046081e-16
0.51944472973,0.51944472973,3.76654681091e-16
0.377690787852,0.377690787852,6.48205787177e-16
0.821101464531,-0.821101464531,6.22819723096e-16
1.25451398549,-1.25451398549,2.70050608393e-16
1.6697954579,-1.6697954579,-2.95728212041e-16
2.06084127884,-2.06084127884,-7.53567652565e-18
2.42312209177,-2.42312209177,1.07312467953e-17
2.76226585632,2.76226585632,-5.28691671218e-16
3.07577929484,-3.07577929484,-9.01259398291e-16
3.35854351611,-3.35854351611,5.89398354861e-18
3.6140827405,3.6140827405,-1.20201004948e-16
3.84329735769,3.84329735769,5.44477630542e-16
4.04517126181,-4.04517126181,-3.23310938532e-16
4.21770989729,4.21770989729,-4.80962482527e-16
4.36383045694,4.36383045694,6.11827805218e-16
4.48572712748,-4.48572712748,2.84805237614e-16
4.57832721617,4.57832721617,2.14283453095e-16
4.64556997777,4.64556997777,-7.61961082828e-16
4.68985194552,-4.68985194552,4.56044511119e-16
4.70895493641,-4.70895493641,8.73997612816e-17
4.70318951694,4.70318951694,-1.59319463347e-16
4.67286767721,-4.67286767721,4.14335391547e-17
4.62765466282,-4.62765466282,-4.81488235783e-16
4.55563845318,4.55563845318,5.17497169786e-17
4.45567962177,4.45567962177,5.22555128251e-16
4.35312330586,4.35312330586,-2.03420330664e-17
4.22571130859,-4.22571130859,9.13171643293e-17
4.07513925638,-4.07513925638,-1.32760596301e-15
3.91362469,3.91362469,5.41310153931e-17
3.73723667755,3.73723667755,-6.224030775e-16
3.54365722719,-3.54365722719,3.27566812917e-16
3.33466901707,3.33466901707,-1.80007520436e-15
3.11881581586,3.11881581586,-1.90320103185e-16
2.88832331346,-2.88832331346,8.50401983473e-16
2.64757748661,-2.64757748661,-6.32216751221e-16
2.3989364245,2.3989364245,-6.791906537e-16
2.14139102795,2.14139102795,-3.69660918924e-16
1.87780772057,-1.87780772057,-2.79081940655e-16
1.60907745835,-1.60907745835,-7.29643593909e-16
1.3363698185,1.3363698185,2.19634730357e-16
1.06179599722,1.06179599722,-1.11264421659e-15
0.787548528692,0.787548528692,-8.2168181978e-16
0.517545398066,-0.517545398066,-4.04771167047e-16
0.265334772054,0.265334772054,4.36530379814e-16
0.161498345793,-0.161498345793,-1.11216078285e-16
0.41444951818,-0.41444951818,-7.16685145288e-16
0.681311358954,-0.681311358954,-6.25698448597e-16
0.948574836079,-0.948574836079,-4.08586345615e-16
1.21268150369,1.21268150369,-2.24994702452e-16
1.47075210199,-1.47075210199,3.18831137013e-17
1.7261616169,-1.7261616169,-2.79893448359e-16
1.97123102772,1.97123102772,-3.00824874355e-16
2.20797093788,-2.20797093788,2.13375159082e-16
2.43518052736,2.43518052736,-1.10606447667e-16
2.65122976763,-2.65122976763,4.84778045494e-16
2.85637812371,2.85637812371,-6.027730143e-17
3.0494568909,-3.0494568909,1.16331082703e-16
3.22944231028,3.22944231028,2.17029429023e-16
3.39624564698,-3.39624564698,3.21208235412e-16
3.54940767643,3.54940767643,1.99575632897e-17
3.68544904735,-3.68544904735,5.31295336212e-16
3.8132276109,-3.8132276109,-6.63617346022e-16
3.92145929874,3.92145929874,-8.2027848208e-17
4.01671100494,-4.01671100494,-3.35747167371e-16
4.09828812822,4.09828812822,2.21301401598e-16
4.15697502483,4.15697502483,-2.49856775771e-16
4.21237786961,-4.21237786961,-1.48996546708e-16
4.24778847817,-4.24778847817,1.62248671652e-16
4.26123104529,4.26123104529,-2.66886741334e-16
4.27431545765,4.27431545765,1.46538670823e-16
4.2650383336,-4.2650383336,-6.82429213171e-16
4.23867500637,4.23867500637,9.30892840341e-17
4.20575186712,4.20575186712,-2.09049574194e-16
4.15515957645,-4.15515957645,-1.26387220932e-16
4.09052524478,4.09052524478,4.94608319641e-16
4.01502182364,4.01502182364,2.90707170465e-16
3.9276061267,-3.9276061267,2.50102610411e-16
3.82775982455,3.82775982455,4.16010623722e-16
3.71514495417,-3.71514495417,-9.95066165963e-16
3.59521688446,-3.59521688446,-2.29431375314e-16
3.46381512054,3.46381512054,-4.64854683062e-16
3.32250890915,-3.32250890915,-3.30671184206e-17
3.1740781189,3.1740781189,-1.63593762165e-16
3.01413768392,3.01413768392,-3.97592740312e-16
2.85295100604,-2.85295100604,5.87671196195e-16
2.68115117579,2.68115117579,5.57573198106e-17
2.50497407979,-2.50497407979,-1.53096017286e-16
2.32443596024,-2.32443596024,-3.42329843151e-16
2.13810234897,2.13810234897,-7.31339996518e-17
1.95175614755,-1.95175614755,-3.83680447638e-16
1.76059490433,1.76059490433,-1.17960952104e-15
1.56959312956,-1.56959312956,1.46654906934e-16
1.37775373428,1.37775373428,1.42939278551e-16
1.18575480103,1.18575480103,-7.93384756404e-16
0.997510325808,-0.997510325808,3.26485370564e-16
0.812177977512,-0.812177977512,-4.9059054449e-16
0.632058209957,-0.632058209957,7.26907732495e-16
0.459976000338,0.459976000338,-5.37102041485e-16
0.301823675759,-0.301823675759,-3.61492703888e-16
0.161785444269,-0.161785444269,-1.3213384211e-15
0.197760884616,-0.197760884616,-2.69230976956e-16
0.34397792721,0.34397792721,-8.45678309105e-16
0.491566135851,0.491566135851,3.5481418938e-17
0.635965322843,0.635965322843,1.59772407989e-16
0.774650197559,0.774650197559,3.91515336206e-16
0.905601710749,0.905601710749,-2.77305669039e-16
1.02977462278,-1.02977462278,-2.35332989291e-16
1.1466262121,-1.1466262121,-2.32361440369e-16
1.25345869897,-1.25345869897,3.1519246426e-17
1.34954460921,-1.34954460921,-1.23304258003e-15
1.43756280323,1.43756280323,-9.40135975632e-16
1.51752736977,1.51752736977,5.70881241351e-16
1.58614932934,-1.58614932934,1.07570011518e-16
1.64336837901,-1.64336837901,8.59562044358e-16
1.69299668308,1.69299668308,-4.47802123426e-16
1.7321323241,1.7321323241,-4.32530935936e-16
1.76129198212,-1.76129198212,4.78627004815e-17
1.77928352124,-1.77928352124,-4.55210341198e-17
1.78967774977,1.78967774977,-3.82589898773e-16
1.78856354211,1.78856354211,-4.46392748243e-16
1.77978476805,-1.77978476805,1.41682492038e-15
1.76033574893,-1.76033574893,1.97186032909e-16
1.73281743714,1.73281743714,3.80102091451e-16
1.69416698924,1.69416698924,-1.59411814949e-15
1.65023251752,-1.65023251752,-1.89039751619e-16
1.59667714047,-1.59667714047,9.23510396821e-16
1.53480839309,1.53480839309,1.51784992511e-16
1.46318614025,1.46318614025,-4.51726252835e-16
1.3879279232,-1.3879279232,9.66192101621e-16
1.30543772242,1.30543772242,-6.49952183964e-16
1.21496958901,1.21496958901,4.96615290716e-16
1.11745680301,-1.11745680301,-1.34819080564e-15
1.01639526015,1.01639526015,1.75783854896e-16
0.911032094093,0.911032094093,-3.93802845669e-16
0.8003651922,0.8003651922,-8.36623768112e-16
0.685605537571,0.685605537571,-3.55634384862e-16
0.568181631431,-0.568181631431,5.27361239217e-17
0.449635504708,0.449635504708,1.03618301261e-16
0.33196169721,0.33196169721,1.62216818739e-16
0.21736124346,0.21736124346,-8.12736742273e-16
0.179287314365,-0.179287314365,7.50629504321e-17
0.277035010465,-0.277035010465,6.92639386963e-16
0.3850132977,-0.3850132977,-9.25462418601e-17
0.501780861736,-0.501780861736,5.3098473658e-16
0.623517923332,-0.623517923332,-3.28566581101e-16
0.747920991355,-0.747920991355,2.10394380216e-16
0.873443204286,-0.873443204286,4.75551416193e-16
0.998322391166,-0.998322391166,-2.74976279784e-16
1.12097930807,-1.12097930807,9.24943701687e-17
1.2443968345,-1.2443968345,-3.78082020344e-16
1.36270951723,-1.36270951723,2.58500493658e-17
1.47610782494,-1.47610782494,3.11047747297e-16
1.58769723549,-1.58769723549,-3.86143856084e-16
1.68973875569,-1.68973875569,3.7701436172e-16
1.79144220316,-1.79144220316,-4.3532370377e-17
1.88156503807,1.88156503807,4.271219984e-16
1.96980946718,-1.96980946718,1.0992679121e-17
2.04729304568,-2.04729304568,-4.59112120671e-16
2.11905184933,2.11905184933,-1.38717319157e-16
2.1833363927,-2.1833363927,-6.99454054382e-16
2.23804780429,2.23804780429,3.60139017009e-16
2.28587556945,-2.28587556945,-1.38787594366e-16
2.32328642586,-2.32328642586,-8.002742919e-16
2.35238675898,2.35238675898,-8.12235619003e-16
2.37617349721,-2.37617349721,-2.11608983974e-16
2.38768197863,2.38768197863,2.72004899673e-16
2.39062774362,-2.39062774362,-8.3598156021e-16
2.38841723157,-2.38841723157,2.81592255807e-16
2.37320582627,2.37320582627,-1.14399607727e-15
2.35201195206,-2.35201195206,2.6694852156e-16
2.32477316283,-2.32477316283,-1.1245893375e-15
2.28494373981,-2.28494373981,8.22159019018e-17
2.24052802749,-2.24052802749,3.19620059726e-16
2.19029621423,-2.19029621423,-1.22459067173e-17
2.12848942252,-2.12848942252,7.56187667139e-17
2.06326918143,2.06326918143,-1.07835479775e-17
1.99237111273,-1.99237111273,3.22964105596e-16
1.91119730225,-1.91119730225,5.18808989662e-16
1.8289927486,-1.8289927486,4.96361732637e-16
1.7403582056,-1.7403582056,4.36584601298e-16
1.64523311899,1.64523311899,1.68299656231e-15
1.54805084452,-1.54805084452,6.77177973444e-16
1.44490133818,-1.44490133818,-4.28267907904e-16
1.33904653704,-1.33904653704,-5.7229875424e-16
1.23115820692,-1.23115820692,-1.34609239445e-15
1.11831409091,1.11831409091,1.22253377999e-16
1.0060555068,-1.0060555068,1.33258060929e-15
0.889238364394,0.889238364394,1.58132273066e-16
0.773547559787,-0.773547559787,7.74477177029e-16
0.655050063594,-0.655050063594,-1.53491588727e-16
0.537331228945,-0.537331228945,-3.36687422282e-16
0.418367838768,-0.418367838768,5.36897731284e-16
0.300973525555,-0.300973525555,3.11078396788e-16
0.183711252579,-0.183711252579,1.45321048125e-16
0.0685116376752,-0.0685116376752,3.46868380608e-16
0.0613185509995,0.0613185509995,-1.6886825859e-16
0.164403600129,-0.164403600129,9.9480094237e-17
0.272712733555,-0.272712733555,-7.39057073094e-17
0.379345455836,-0.379345455836,3.9455995199e-16
0.482923873535,-0.482923873535,3.25788305593e-16
0.582291995307,-0.582291995307,1.08957658559e-15
0.678336955165,-0.678336955165,6.71565919345e-16
0.770495796058,-0.770495796058,-8.31945722133e-16
0.85659258319,-0.85659258319,5.15312235975e-16
0.93883354336,-0.93883354336,-9.4508086792e-16
1.01616503339,-1.01616503339,-1.80635857773e-16
1.08640976882,1.08640976882,6.68982279628e-16
1.15167012481,-1.15167012481,-1.84133913406e-17
1.21134331101,-1.21134331101,8.92737566471e-18
1.26288582592,1.26288582592,2.3700220601e-17
1.30930171787,-1.30930171787,-2.0823685155e-17
1.34976973683,-1.34976973683,2.00996703628e-16
1.38117530822,-1.38117530822,2.75084162212e-16
1.40739208692,-1.40739208692,2.29666731735e-16
1.42835640532,-1.42835640532,4.65881004336e-16
1.44013831129,-1.44013831129,2.8959766629e-16
1.44589330449,1.44589330449,1.69880754135e-16
1.44611230631,1.44611230631,4.71418463431e-16
1.43826715126,-1.43826715126,1.1437132352e-15
1.42421710986,1.42421710986,6.03021290174e-16
1.40385679789,1.40385679789,8.23402318145e-16
1.37691410097,-1.37691410097,1.32791912482e-15
1.34433898222,1.34433898222,2.34491770686e-16
1.30498098941,1.30498098941,-4.20609020309e-16
1.26109299715,-1.26109299715,-4.93603831458e-17
1.21226055886,1.21226055886,7.90122064489e-17
1.157022644,-1.157022644,1.01411380136e-15
1.09889007588,1.09889007588,-9.12180646952e-16
1.03634929091,1.03634929091,3.36787441856e-16
0.968984988836,-0.968984988836,-1.99482885179e-16
0.899656556985,0.899656556985,-2.76999396736e-16
0.824787020658,0.824787020658,-3.59763772644e-16
0.750000083953,0.750000083953,3.14283225978e-16
0.670245108052,0.670245108052,1.04896981799e-16
0.590446349506,0.590446349506,-7.01533836271e-16
0.506757050829,0.506757050829,-6.09170559019e-16
0.423672488568,0.423672488568,-3.70977226165e-16
0.33759000493,0.33759000493,-2.99755926869e-16
0.252107952311,0.252107952311,3.35522679125e-16
0.164937015101,0.164937015101,8.94304445806e-16
0.07818849059,0.07818849059,-3.24749671175e-16
0.0230378157447,0.0230378157447,-3.93936606344e-16
0.0978886561167,0.0978886561167,-3.5223607288e-17
0.181730144134,0.181730144134,6.84862180658e-17
0.266387074755,0.266387074755,-8.63561779749e-16
0.348957972693,0.348957972693,-6.04193329498e-16
0.430177590045,0.430177590045,-4.34386908618e-16
0.507991269191,-0.507991269191,1.40425909681e-16
0.583775846806,0.583775846806,-6.87520278001e-16
0.654793448503,-0.654793448503,-6.73749675196e-16
0.723721306839,0.723721306839,3.10995335189e-16
0.786669466533,0.786669466533,-7.18217299756e-17
0.846753548532,0.846753548532,8.85837195955e-16
0.90142203427,0.90142203427,-1.08895345379e-15
0.949760061729,0.949760061729,2.71388701578e-16
0.995437500929,0.995437500929,4.16169738979e-16
1.03297089337,-1.03297089337,3.9334565062e-16
1.06534651557,1.06534651557,-4.17389324555e-16
1.09178841743,1.09178841743,2.07677512636e-16
1.10946108342,-1.10946108342,4.11627046804e-16
1.12117565509,1.12117565509,3.31833943605e-16
1.12356015524,-1.12356015524,6.15682576658e-16
1.11698839707,1.11698839707,2.31990386375e-16
1.10249216326,1.10249216326,4.37863284138e-16
1.07758175195,-1.07758175195,-6.19592176177e-16
1.04485357947,1.04485357947,-2.24887091393e-16
1.00415929117,1.00415929117,-6.21606544308e-17
0.958707920783,-0.958707920783,-2.9671861416e-16
0.915804694766,0.915804694766,8.8062721131e-17
0.87725570445,0.87725570445,-3.24069331932e-16
0.846553173274,0.846553173274,-3.78909079884e-17
0.830109012037,0.830109012037,-2.25796152374e-16
0.820206528707,0.820206528707,-4.83071406457e-16
0.815269389284,-0.815269389284,1.02078012022e-15
0.812122950013,-0.812122950013,-3.44563484487e-16
0.804076832276,-0.804076832276,2.68005273115e-16
0.788098861212,-0.788098861212,8.0361660926e-16
0.762692868373,-0.762692868373,7.4304077566e-16
0.727621524157,-0.727621524157,2.80777798879e-16
0.683444772382,-0.683444772382,8.07597908808e-16
0.632069139519,-0.632069139519,-2.60740616804e-16
0.575636498122,-0.575636498122,4.2325143868e-16
0.513187426267,-0.513187426267,-7.98666473157e-17
0.447062401439,-0.447062401439,-2.95761515384e-16
0.378085447021,-0.378085447021,-6.11300223724e-16
0.306611714992,0.306611714992,1.08667716412e-15
0.233494942213,0.233494942213,-1.98390233722e-16
0.159214633562,0.159214633562,-6.59107331078e-17
0.084524707827,0.084524707827,-1.31631894765e-16
0.011250751014,-0.011250751014,9.92526094766e-16
0.0695234756808,0.0695234756808,5.14915445259e-16
0.143782769943,0.143782769943,7.63143477709e-16
0.21836555661,0.21836555661,1.49525389883e-15
0.292646983426,0.292646983426,-5.86490414827e-16
0.365785998688,0.365785998688,-5.02188792342e-16
0.436979487624,0.436979487624,1.56451297767e-16
0.507465435812,0.507465435812,-5.37788179561e-16
0.574170925945,0.574170925945,5.57183032561e-16
0.640218561577,0.640218561577,9.84841184307e-16
0.701490660686,0.701490660686,4.24653891079e-16
0.760969186063,0.760969186063,-7.73100380335e-18
0.815915180129,0.815915180129,-1.55337039285e-15
0.866986794897,0.866986794897,-4.73871323193e-16
0.915281290406,0.915281290406,9.52644878137e-16
0.957169058986,0.957169058986,5.10948511614e-16
0.997947010575,0.997947010575,1.19839358389e-15
1.03358428245,1.03358428245,1.67958010791e-16
1.06336424459,-1.06336424459,-6.27133979264e-16
1.09235393777,1.09235393777,3.86960231879e-16
1.11562795746,1.11562795746,8.06878438705e-16
1.13275572332,-1.13275572332,-4.26578494059e-16
1.14888449118,1.14888449118,6.2290641988e-16
1.15759391464,1.15759391464,3.21668695078e-16
1.16158046082,1.16158046082,3.14393166724e-16
1.16230870684,1.16230870684,-1.31527903672e-15
1.15397088972,1.15397088972,4.87871121896e-16
1.145681111,1.145681111,6.01192955111e-16
1.12927311088,1.12927311088,6.90088752573e-16
1.10871605218,1.10871605218,-2.63110220173e-16
1.08489776674,1.08489776674,5.54186913984e-16
1.05398411351,-1.05398411351,-7.08238429433e-16
1.02331347358,1.02331347358,6.07167944006e-17
0.986858400186,0.986858400186,-1.0372348407e-15
0.9476269004,0.9476269004,2.13621846725e-16
0.906353424374,0.906353424374,4.55223030941e-16
0.861214025294,-0.861214025294,-6.65458556987e-17
0.815007751098,0.815007751098,3.24143150655e-16
0.765701482947,0.765701482947,-2.0183507678e-15
0.71424722922,0.71424722922,7.85273481861e-16
0.662039168705,0.662039168705,3.23381641194e-16
0.60790076086,0.60790076086,6.28879153575e-16
0.552025824805,0.552025824805,-2.08078844023e-16
0.495625348861,0.495625348861,8.60761734949e-16
0.441253852164,0.441253852164,-6.45149242352e-17
0.391714248895,0.391714248895,-9.38191883652e-16
0.341329592868,0.341329592868,5.2858625436e-16
0.290698617943,0.290698617943,8.44553344736e-16
0.238242582971,0.238242582971,-5.95134284821e-16
0.18315937895,0.18315937895,-1.60761263346e-16
0.128587745745,0.128587745745,-2.22520365824e-16
0.0724861844601,0.0724861844601,-1.27727735522e-15
0.0836419411114,0.0836419411114,-1.81804311735e-17
0.12731907038,-0.12731907038,-5.64525644379e-16
0.170523781448,-0.170523781448,-3.84899129165e-16
0.213780894862,-0.213780894862,1.85972842768e-16
0.2581807777,0.2581807777,-5.06712312858e-18
0.305205581484,0.305205581484,-1.6637111048e-16
0.355468098293,0.355468098293,9.13763492265e-16
0.405806899604,-0.405806899604,3.46228683883e-16
0.45472836684,-0.45472836684,-4.11598018579e-16
0.501783839206,0.501783839206,-3.72787254358e-16
0.544066545666,0.544066545666,-3.86803697177e-16
0.584010191814,0.584010191814,-3.61170453397e-17
0.619717068149,0.619717068149,2.58982028349e-16
0.650257131706,-0.650257131706,-1.25635636733e-15
0.678362235682,0.678362235682,-5.45876746213e-16
0.700714187198,0.700714187198,-3.11139290992e-16
0.719261378905,0.719261378905,-9.34330461308e-17
0.735970678177,0.735970678177,-1.9715776324e-17
0.748658896442,0.748658896442,5.86329699334e-17
0.758280863005,0.758280863005,-5.13461019933e-16
0.765176121071,0.765176121071,5.98521623672e-16
0.771039946137,0.771039946137,-6.51686444613e-16
0.774893564288,0.774893564288,8.42946800588e-16
0.774698982678,0.774698982678,2.02980520538e-16
0.770186552999,-0.770186552999,5.98923926479e-16
0.763368584398,0.763368584398,5.10495427512e-17
0.751222069978,0.751222069978,-4.07380877834e-16
0.734301931208,-0.734301931208,-1.12791026371e-16
0.714697223667,0.714697223667,-3.72287808846e-16
0.688827273819,-0.688827273819,-5.04409244159e-16
0.659922400502,0.659922400502,2.09864397034e-16
0.625310885751,-0.625310885751,-6.55762332319e-16
0.588671881565,0.588671881565,-2.35455893114e-16
0.546898162446,0.546898162446,-1.1642434915e-16
0.503770346085,0.503770346085,1.2454533099e-15
0.456615329152,0.456615329152,3.26764941291e-16
0.408766677563,0.408766677563,1.85113322463e-16
0.358818138991,0.358818138991,-1.0467236091e-15
0.31065642381,-0.31065642381,-7.22691132712e-17
0.270771433271,-0.270771433271,2.26152674692e-16
0.234214537068,-0.234214537068,-3.51000761655e-16
0.198767229973,-0.198767229973,-9.7317167944e-17
0.162706189655,-0.162706189655,-1.05679873311e-15
0.124665183509,-0.124665183509,-1.35584398007e-16
0.0853902163393,-0.0853902163393,4.06094873567e-16
0.0550263722999,0.0550263722999,-4.46516391601e-16
0.10286288688,-0.10286288688,2.86871260216e-16
0.148500314919,0.148500314919,7.29266374807e-17
0.193371234602,-0.193371234602,-2.64098993582e-16
0.235442657109,0.235442657109,-1.22773936379e-15
0.277082100341,-0.277082100341,-7.24935532157e-16
0.31653948582,-0.31653948582,4.07954935046e-16
0.354342140727,-0.354342140727,5.62855156627e-16
0.392121580469,-0.392121580469,4.23720793097e-17
0.429890876905,-0.429890876905,2.29304120837e-16
0.468177993881,-0.468177993881,6.12730667766e-16
0.50764819341,-0.50764819341,1.01236865578e-15
0.547048689658,-0.547048689658,-7.47425510809e-16
0.586066520751,-0.586066520751,-1.27125948681e-16
0.624147669421,-0.624147669421,-3.06723165307e-16
0.659214309883,-0.659214309883,4.75575993671e-16
0.691928441729,-0.691928441729,1.24152466266e-15
0.722565002882,-0.722565002882,-9.06200805716e-16
0.748696885379,0.748696885379,-9.26499679899e-17
0.773125682987,-0.773125682987,-6.21614407843e-16
0.79239642812,0.79239642812,2.40302985331e-16
0.809373614794,-0.809373614794,8.9709733996e-16
0.821347079992,0.821347079992,1.33549216286e-16
0.830590295326,0.830590295326,-4.19993720363e-16
0.835093359898,-0.835093359898,-3.93673490075e-16
0.837091680434,0.837091680434,2.06995730263e-15
0.834376909659,-0.834376909659,-7.50475884989e-16
0.829249968284,0.829249968284,-3.90066403693e-17
0.819845016476,0.819845016476,-1.0517505669e-15
0.808178831192,0.808178831192,1.11999580979e-16
0.794852148542,0.794852148542,5.19252408701e-16
0.778131099291,0.778131099291,3.08031765019e-16
0.758943550531,0.758943550531,7.43435986028e-18
0.73972098633,0.73972098633,2.61913715827e-16
0.717777538322,0.717777538322,4.96560748652e-16
0.692855861494,0.692855861494,6.92837816734e-16
0.667079198136,0.667079198136,3.34640711102e-16
0.638986006689,0.638986006689,2.11898890388e-16
0.606984004861,0.606984004861,7.03148229672e-16
0.575117767937,0.575117767937,-4.60679878487e-16
0.53875080112,0.53875080112,-3.11626580171e-16
0.502111915465,0.502111915465,-5.11095360358e-17
0.461885227951,0.461885227951,-3.53550878851e-16
0.421311977162,0.421311977162,-7.75276250948e-16
0.379305611016,0.379305611016,2.09988243969e-16
0.336832535696,0.336832535696,3.45747543277e-16
0.295012974215,0.295012974215,3.78828043419e-16
0.255264748536,0.255264748536,7.19396593297e-16
0.216884455974,0.216884455974,-1.52062285679e-16
0.178819070445,0.178819070445,7.75371698061e-17
0.14035495965,0.14035495965,-5.24538989013e-16
0.101300013911,0.101300013911,-2.26750617726e-16
0.0622876814071,0.0622876814071,1.03236987864e-15
0.054119866714,0.054119866714,3.47515144438e-16
0.094173520427,0.094173520427,1.32746571447e-16
0.132918741862,0.132918741862,4.68567015e-16
0.170024808822,0.170024808822,-2.58114076847e-16
0.206685054652,0.206685054652,1.06210976793e-16
0.241647600186,0.241647600186,3.25615265569e-16
0.275497775655,0.275497775655,6.42563019182e-16
0.309043559322,0.309043559322,-2.18723459593e-16
0.343537346817,0.343537346817,-2.44478657572e-16
0.379856794584,0.379856794584,-4.22756705232e-17
0.416225228772,0.416225228772,-7.99443167856e-17
0.451323492761,0.451323492761,1.51904257524e-16
0.483504344559,0.483504344559,-4.37416655756e-16
